benchmark_uri,best_strategy,best_mean,best_margin,cem_runs,cem_mean,cem_std,cem_min,cem_max,cem_improved_runs,cem_seed_wins,contextual_cem_runs,contextual_cem_mean,contextual_cem_std,contextual_cem_min,contextual_cem_max,contextual_cem_improved_runs,contextual_cem_seed_wins
benchmark://opencv-v0/100,contextual_cem,1.4387919036403716,0.21345752966178821,1,1.2253343739785834,0.0,1.2253343739785834,1.2253343739785834,1,0,1,1.4387919036403716,0.0,1.4387919036403716,1.4387919036403716,1,1
benchmark://tensorflow-v0/1985,contextual_cem,3.7821791163360388,2.347408369317648,1,1.4347707470183906,0.0,1.4347707470183906,1.4347707470183906,1,0,1,3.7821791163360388,0.0,3.7821791163360388,3.7821791163360388,1,1
benchmark://tensorflow-v0/2,contextual_cem,6.032603934911393,0.24384454429956293,1,5.78875939061183,0.0,5.78875939061183,5.78875939061183,1,0,1,6.032603934911393,0.0,6.032603934911393,6.032603934911393,1,1
benchmark://tensorflow-v0/5,"cem,contextual_cem",4.832037153986093,0.0,1,4.832037153986093,0.0,4.832037153986093,4.832037153986093,1,0.5,1,4.832037153986093,0.0,4.832037153986093,4.832037153986093,1,0.5
benchmark://tensorflow-v0/50,contextual_cem,0.9866140056154507,0.028760697420835868,1,0.9578533081946148,0.0,0.9578533081946148,0.9578533081946148,1,0,1,0.9866140056154507,0.0,0.9866140056154507,0.9866140056154507,1,1
